"Path","Platform","Compiled","Cooked","Permutations","Compiletime","CompiledDouble","CookedDouble"
"/ControlRig/Controls/ControlRigGizmoMaterial.ControlRigGizmoMaterial","0","0","4","1","0.000000","0","0"
"/MeshModelingToolset/Materials/M_DynamicMeshComponentVtxColor.M_DynamicMeshComponentVtxColor","0","0","20","1","0.000000","0","0"
"/Engine/EngineDebugMaterials/DebugEditorMaterial.DebugEditorMaterial","0","0","8","1","0.000000","0","0"
"/Engine/EditorMaterials/PhAT_NoCollisionMaterial.PhAT_NoCollisionMaterial","0","0","5","1","0.000000","0","0"
"/Engine/EditorMaterials/PhAT_UnselectedMaterial.PhAT_UnselectedMaterial","0","0","5","1","0.000000","0","0"
"/Engine/EngineMaterials/NaniteHiddenSectionMaterial.NaniteHiddenSectionMaterial","0","0","29","1","0.000000","0","0"
"/Engine/EditorMaterials/Dataflow/DataflowVertexMaterial.DataflowVertexMaterial","0","0","26","1","0.000000","0","0"
"/Engine/EngineMaterials/GizmoMaterial.GizmoMaterial","0","0","8","1","0.000000","0","0"
"/Engine/EngineDebugMaterials/DebugMeshMaterial.DebugMeshMaterial","0","0","7","1","0.000000","0","0"
"/Engine/EngineMaterials/RemoveSurfaceMaterial.RemoveSurfaceMaterial","0","0","4","1","0.000000","0","0"
"/Engine/BasicShapes/BasicShapeMaterial.BasicShapeMaterial","0","0","67","1","0.000000","0","0"
"/Engine/EditorMaterials/Camera/CineMat.CineMat","0","0","26","1","0.000000","0","0"
"/Engine/EngineMaterials/DefaultLightFunctionMaterial.DefaultLightFunctionMaterial","0","0","45","1","0.000000","0","0"
"/Engine/VREditor/TransformGizmo/TranslucentTransformGizmoMaterial.TranslucentTransformGizmoMaterial","0","0","5","1","0.000000","0","0"
"/Engine/EngineDebugMaterials/M_SimpleUnlitTranslucent.M_SimpleUnlitTranslucent","0","0","5","1","0.000000","0","0"
"/ControlRig/Controls/ControlRigXRayMaterial.ControlRigXRayMaterial","0","0","11","1","0.000000","0","0"
"/Engine/EditorLandscapeResources/SplineEditorMeshMat.SplineEditorMeshMat","0","0","14","1","0.000000","0","0"
"/Engine/VREditor/TransformGizmo/Xray.Xray","0","0","14","1","0.000000","0","0"
"/Engine/VREditor/TransformGizmo/Main.Main","0","0","5","1","0.000000","0","0"
"/Game/StarterContent/Blueprints/Assets/M_LightStage_Arrows.M_LightStage_Arrows","0","0","4","1","0.000000","0","4"
"/Game/StarterContent/Particles/Materials/m_flare_01.m_flare_01","0","0","14","1","0.000000","0","0"
"/Game/StarterContent/Materials/M_Glass.M_Glass","0","0","35","1","0.000000","0","0"
"/Game/StarterContent/Materials/M_Basic_Wall.M_Basic_Wall","0","0","23","1","0.000000","0","0"
"/Game/StarterContent/Materials/M_Basic_Floor.M_Basic_Floor","0","0","23","1","0.000000","0","0"
"/Game/StarterContent/Materials/M_AssetPlatform.M_AssetPlatform","0","0","23","1","0.000000","0","0"
"/Game/SciFiCrates/Building/Materials/Glass.Glass","0","0","35","1","0.000000","0","0"
"/Game/Realistic_Starter_VFX_Pack_Vol2/DemoRoom/Materials/M_DemoWall.M_DemoWall","0","0","59","1","0.000000","0","0"
"/Game/Realistic_Starter_VFX_Pack_Vol2/Materials/M_Mud.M_Mud","0","0","58","1","0.000000","0","0"
"/Game/Realistic_Starter_VFX_Pack_Vol2/Materials/M_Derbis.M_Derbis","0","0","26","1","0.000000","0","0"
"/Game/Realistic_Starter_VFX_Pack_Vol2/Materials/M_Basic_Shape.M_Basic_Shape","0","0","46","1","0.000000","0","0"
"/Game/Polar/Materials/Vista_Materials/Sky_Materials/_M_Master_Sky._M_Master_Sky","0","0","7","1","0.000000","0","0"
"/Game/LevelPrototyping/Materials/M_Solid.M_Solid","0","0","26","1","0.000000","0","0"
"/Game/FPWeapon/Materials/BaseMaterial.BaseMaterial","0","0","35","1","0.000000","0","0"
"/Engine/EngineSky/M_SimpleSkyDome.M_SimpleSkyDome","0","0","4","1","0.000000","0","0"
"/Engine/EngineMaterials/EmissiveMeshMaterial.EmissiveMeshMaterial","0","0","7","1","0.000000","0","0"
"/Paper2D/DefaultSpriteMaterial.DefaultSpriteMaterial","0","0","50","2","0.000000","0","0"
"/Engine/EngineMaterials/PhAT_JointLimitMaterial.PhAT_JointLimitMaterial","0","0","11","1","0.000000","0","0"
"/ControlRig/M_Manip.M_Manip","0","0","11","1","0.000000","0","0"
"/Engine/EngineMaterials/M_InvalidLightmapSettings.M_InvalidLightmapSettings","0","0","28","1","0.000000","0","0"
"/Engine/TemplateResources/M_Template_Master.M_Template_Master","0","0","35","1","0.000000","0","0"
"/Engine/EditorMeshes/ColorCalibrator/M_GreyBall.M_GreyBall","0","0","35","1","0.000000","0","0"
"/Engine/EditorMeshes/ColorCalibrator/M_ClearCoat.M_ClearCoat","0","0","23","1","0.000000","0","0"
"/Engine/EditorMeshes/ColorCalibrator/M_ChromeBall.M_ChromeBall","0","0","35","1","0.000000","0","0"
"/Engine/EditorMeshes/ColorCalibrator/M_ClearCoatBlack.M_ClearCoatBlack","0","0","23","1","0.000000","0","0"
"/Engine/EngineMaterials/FlattenMaterial_WS_Normal_VT.FlattenMaterial_WS_Normal_VT","0","0","35","1","0.000000","0","0"
"/Engine/EngineMaterials/FlattenMaterial_VT.FlattenMaterial_VT","0","0","35","1","0.000000","0","0"
"/Engine/EngineMaterials/FlattenMaterial.FlattenMaterial","0","0","35","1","0.000000","0","0"
"/Engine/EngineDebugMaterials/M_VolumeRenderSphereTracePP.M_VolumeRenderSphereTracePP","0","0","5","1","0.000000","0","0"
"/Engine/VREditor/TransformGizmo/TransformGizmoMaterial.TransformGizmoMaterial","0","0","4","1","0.000000","0","0"
"/Engine/EngineMaterials/Widget3DPassThrough.Widget3DPassThrough","0","0","62","6","0.000000","0","5"
"/Engine/EngineMaterials/DefaultDeferredDecalMaterial.DefaultDeferredDecalMaterial","0","0","87","1","0.000000","0","0"
"/Engine/EngineMaterials/DefaultMaterial.DefaultMaterial","0","0","127","1","0.000000","0","0"
"/Engine/EngineMaterials/DefaultPostProcessMaterial.DefaultPostProcessMaterial","0","0","7","1","0.000000","0","0"
"/Engine/EngineMaterials/WorldGridMaterial.WorldGridMaterial","0","0","685","1","0.000000","0","0"
"/Engine/EngineMaterials/DefaultTextMaterialOpaque.DefaultTextMaterialOpaque","0","0","31","1","0.000000","0","0"
"/Game/StarterContent/Particles/Materials/M_Heat_Distortion.M_Heat_Distortion","0","0","23","1","0.000000","0","0"
"/Game/StarterContent/Props/Materials/M_TableRound.M_TableRound","0","0","23","1","0.000000","0","0"
"/Game/StarterContent/Props/Materials/M_StatueGlass.M_StatueGlass","0","0","35","1","0.000000","0","0"
"/Game/StarterContent/Props/Materials/M_Statue.M_Statue","0","0","23","1","0.000000","0","0"
"/Game/StarterContent/Particles/Materials/M_Spark.M_Spark","0","0","11","1","0.000000","0","0"
"/Game/StarterContent/Particles/Materials/M_smoke_subUV.M_smoke_subUV","0","0","56","1","0.000000","0","0"
"/Game/StarterContent/Props/Materials/M_Shelf.M_Shelf","0","0","23","1","0.000000","0","0"
"/Game/StarterContent/Materials/M_Wood_Floor_Walnut_Polished.M_Wood_Floor_Walnut_Polished","0","0","23","1","0.000000","0","0"
"/Game/StarterContent/Materials/M_Water_Lake.M_Water_Lake","0","0","23","1","0.000000","0","0"
"/Game/StarterContent/Materials/M_Rock_Marble_Polished.M_Rock_Marble_Polished","0","0","23","1","0.000000","0","0"
"/Game/StarterContent/Materials/M_Wood_Walnut.M_Wood_Walnut","0","0","23","1","0.000000","0","0"
"/Game/StarterContent/Materials/M_Wood_Pine.M_Wood_Pine","0","0","23","1","0.000000","0","0"
"/Game/StarterContent/Materials/M_Wood_Oak.M_Wood_Oak","0","0","23","1","0.000000","0","0"
"/Game/StarterContent/Materials/M_Tech_Panel.M_Tech_Panel","0","0","23","1","0.000000","0","0"
"/Game/StarterContent/Materials/M_Tech_Hex_Tile_Pulse.M_Tech_Hex_Tile_Pulse","0","0","23","1","0.000000","0","0"
"/Game/StarterContent/Materials/M_Rock_Slate.M_Rock_Slate","0","0","23","1","0.000000","0","0"
"/Game/StarterContent/Materials/M_Rock_Sandstone.M_Rock_Sandstone","0","0","23","1","0.000000","0","0"
"/Game/StarterContent/Particles/Materials/M_Fire_SubUV.M_Fire_SubUV","0","0","11","1","0.000000","0","0"
"/Game/StarterContent/Particles/Materials/M_explosion_subUV.M_explosion_subUV","0","0","11","1","0.000000","0","0"
"/Game/StarterContent/Particles/Materials/M_Dust_Particle.M_Dust_Particle","0","0","74","1","0.000000","0","0"
"/Game/StarterContent/Props/Materials/M_Lamp.M_Lamp","0","0","23","1","0.000000","0","0"
"/Game/StarterContent/Materials/M_Rock_Basalt.M_Rock_Basalt","0","0","23","1","0.000000","0","0"
"/Game/StarterContent/Materials/M_Metal_Steel.M_Metal_Steel","0","0","23","1","0.000000","0","0"
"/Game/StarterContent/Materials/M_Metal_Gold.M_Metal_Gold","0","0","23","1","0.000000","0","0"
"/Game/StarterContent/Materials/M_Metal_Copper.M_Metal_Copper","0","0","23","1","0.000000","0","0"
"/Game/StarterContent/Materials/M_Metal_Chrome.M_Metal_Chrome","0","0","23","1","0.000000","0","0"
"/Game/StarterContent/Materials/M_Metal_Burnished_Steel.M_Metal_Burnished_Steel","0","0","23","1","0.000000","0","0"
"/Game/StarterContent/Materials/M_Metal_Brushed_Nickel.M_Metal_Brushed_Nickel","0","0","23","1","0.000000","0","0"
"/Game/StarterContent/Materials/M_Ground_Moss.M_Ground_Moss","0","0","23","1","0.000000","0","0"
"/Game/StarterContent/Materials/M_Ground_Gravel.M_Ground_Gravel","0","0","23","1","0.000000","0","0"
"/Game/StarterContent/Materials/M_Ground_Grass.M_Ground_Grass","0","0","23","1","0.000000","0","0"
"/Game/StarterContent/Props/Materials/M_Frame.M_Frame","0","0","23","1","0.000000","0","0"
"/Game/StarterContent/Materials/M_CobbleStone_Rough.M_CobbleStone_Rough","0","0","23","1","0.000000","0","0"
"/Game/StarterContent/Materials/M_CobbleStone_Pebble.M_CobbleStone_Pebble","0","0","23","1","0.000000","0","0"
"/Game/StarterContent/Materials/M_Tech_Checker_Dot.M_Tech_Checker_Dot","0","0","23","1","0.000000","0","0"
"/Game/StarterContent/Props/Materials/M_Door.M_Door","0","0","23","1","0.000000","0","0"
"/Game/StarterContent/Materials/M_Concrete_Tiles.M_Concrete_Tiles","0","0","23","1","0.000000","0","0"
"/Game/StarterContent/Materials/M_Concrete_Poured.M_Concrete_Poured","0","0","23","1","0.000000","0","0"
"/Game/StarterContent/Materials/M_Concrete_Panels.M_Concrete_Panels","0","0","23","1","0.000000","0","0"
"/Game/StarterContent/Materials/M_Concrete_Grime.M_Concrete_Grime","0","0","23","1","0.000000","0","0"
"/Game/StarterContent/Materials/M_CobbleStone_Smooth.M_CobbleStone_Smooth","0","0","23","1","0.000000","0","0"
"/Game/StarterContent/Props/Materials/M_Chair.M_Chair","0","0","23","1","0.000000","0","0"
"/Game/StarterContent/Materials/M_Ceramic_Tile_Checker.M_Ceramic_Tile_Checker","0","0","23","1","0.000000","0","0"
"/Game/StarterContent/Props/Materials/M_Bush.M_Bush","0","0","44","1","0.000000","0","0"
"/Game/StarterContent/Particles/Materials/M_Burst.M_Burst","0","0","17","1","0.000000","0","0"
"/Game/StarterContent/Materials/M_Brick_Hewn_Stone.M_Brick_Hewn_Stone","0","0","23","1","0.000000","0","0"
"/Game/StarterContent/Materials/M_Brick_Cut_Stone.M_Brick_Cut_Stone","0","0","23","1","0.000000","0","0"
"/Game/StarterContent/Materials/M_Brick_Clay_Old.M_Brick_Clay_Old","0","0","23","1","0.000000","0","0"
"/Game/StarterContent/Materials/M_Brick_Clay_New.M_Brick_Clay_New","0","0","23","1","0.000000","0","0"
"/Game/StarterContent/Materials/M_Brick_Clay_Beveled.M_Brick_Clay_Beveled","0","0","23","1","0.000000","0","0"
"/Game/Realistic_Starter_VFX_Pack_Vol2/DemoRoom/Materials/DefaultTextMaterialTranslucentUnlit.DefaultTextMaterialTranslucentUnlit","0","0","22","1","0.000000","0","0"
"/Game/Polar/Materials/FX/Particle_Materials/M_Cockroach.M_Cockroach","0","0","125","1","0.000000","0","0"
"/Game/Polar/Materials/Decal_Materials/_M_Master_Sign_Decal._M_Master_Sign_Decal","0","0","168","8","0.000000","0","0"
"/Game/Realistic_Starter_VFX_Pack_Vol2/Materials/M_Smoke_Ground_B.M_Smoke_Ground_B","0","0","56","1","0.000000","0","0"
"/Game/SciFiCrates/Building/Materials/Building_Set/M_Mid_Wall_S1.M_Mid_Wall_S1","0","0","23","1","0.000000","0","0"
"/Game/SciFiCrates/Crates/Material/M_Crate_3.M_Crate_3","0","0","23","1","0.000000","0","0"
"/Game/SciFiCrates/Crates/Material/M_Crate_2.M_Crate_2","0","0","23","1","0.000000","0","0"
"/Game/SciFiCrates/Crates/Material/M_Crates_1.M_Crates_1","0","0","23","1","0.000000","0","0"
"/Game/SciFiCrates/Building/Materials/Building_Set/M_Window_Wall.M_Window_Wall","0","0","23","1","0.000000","0","0"
"/Game/SciFiCrates/Building/Materials/Building_Set/M_Window_Wall_Long.M_Window_Wall_Long","0","0","23","1","0.000000","0","0"
"/Game/SciFiCrates/Building/Materials/Building_Set/M_Top_Wall_S1.M_Top_Wall_S1","0","0","23","1","0.000000","0","0"
"/Game/SciFiCrates/Building/Materials/Building_Set/M_Base_Wall_S1.M_Base_Wall_S1","0","0","23","1","0.000000","0","0"
"/Game/SciFiCrates/Building/Materials/Building_Set/M_Supports.M_Supports","0","0","23","1","0.000000","0","0"
"/Game/SciFiCrates/Building/Materials/Building_Set/M_Roof.M_Roof","0","0","27","1","0.000000","0","0"
"/Game/SciFiCrates/Building/Materials/Building_Set/M_Floor.M_Floor","0","0","44","1","0.000000","0","0"
"/Game/SciFiCrates/Building/Materials/Building_Set/M_Door_Frame.M_Door_Frame","0","0","27","1","0.000000","0","0"
"/Game/Realistic_Starter_VFX_Pack_Vol2/Materials/M_Bubble_B.M_Bubble_B","0","0","11","1","0.000000","0","0"
"/Game/Realistic_Starter_VFX_Pack_Vol2/Materials/M_Water_Splat.M_Water_Splat","0","0","11","1","0.000000","0","0"
"/Game/Realistic_Starter_VFX_Pack_Vol2/Materials/M_Slash.M_Slash","0","0","11","1","0.000000","0","0"
"/Game/Realistic_Starter_VFX_Pack_Vol2/Materials/M_Smoke_Ground_C.M_Smoke_Ground_C","0","0","56","1","0.000000","0","0"
"/Game/Realistic_Starter_VFX_Pack_Vol2/Materials/M_Splat_A.M_Splat_A","0","0","11","1","0.000000","0","0"
"/Game/Realistic_Starter_VFX_Pack_Vol2/Materials/M_Blood_C.M_Blood_C","0","0","27","1","0.000000","0","0"
"/Game/Realistic_Starter_VFX_Pack_Vol2/Materials/M_Glow_C.M_Glow_C","0","0","14","1","0.000000","0","0"
"/Game/Realistic_Starter_VFX_Pack_Vol2/Materials/M_Smoke_Wisp.M_Smoke_Wisp","0","0","56","1","0.000000","0","0"
"/Game/Realistic_Starter_VFX_Pack_Vol2/Materials/M_Smoke_Puff_A.M_Smoke_Puff_A","0","0","56","1","0.000000","0","0"
"/Game/Realistic_Starter_VFX_Pack_Vol2/Materials/M_Smoke_Ground.M_Smoke_Ground","0","0","56","1","0.000000","0","0"
"/Game/Realistic_Starter_VFX_Pack_Vol2/Materials/M_Smoke_A.M_Smoke_A","0","0","74","1","0.000000","0","0"
"/Game/Realistic_Starter_VFX_Pack_Vol2/Materials/M_Smoke_C.M_Smoke_C","0","0","56","1","0.000000","0","0"
"/Game/Realistic_Starter_VFX_Pack_Vol2/Materials/M_Rock_B.M_Rock_B","0","0","92","1","0.000000","0","0"
"/Game/Realistic_Starter_VFX_Pack_Vol2/Materials/M_Paper.M_Paper","0","0","56","1","0.000000","0","0"
"/Game/Realistic_Starter_VFX_Pack_Vol2/Materials/M_WaterDrop_B.M_WaterDrop_B","0","0","71","1","0.000000","0","0"
"/Game/Realistic_Starter_VFX_Pack_Vol2/Materials/M_Heat_Distortion.M_Heat_Distortion","0","0","23","1","0.000000","0","0"
"/Game/Realistic_Starter_VFX_Pack_Vol2/Materials/M_Wood.M_Wood","0","0","92","1","0.000000","0","0"
"/Game/Realistic_Starter_VFX_Pack_Vol2/Materials/M_Lightning_small.M_Lightning_small","0","0","11","1","0.000000","0","0"
"/Game/Realistic_Starter_VFX_Pack_Vol2/Materials/M_Impact_B.M_Impact_B","0","0","11","1","0.000000","0","0"
"/Game/Realistic_Starter_VFX_Pack_Vol2/Materials/M_Impact_C.M_Impact_C","0","0","11","1","0.000000","0","0"
"/Game/Realistic_Starter_VFX_Pack_Vol2/Materials/M_Glass.M_Glass","0","0","56","1","0.000000","0","0"
"/Game/Realistic_Starter_VFX_Pack_Vol2/Materials/M_Glow_D.M_Glow_D","0","0","11","1","0.000000","0","0"
"/Game/Realistic_Starter_VFX_Pack_Vol2/Materials/M_spark_C.M_Spark_C","0","0","11","1","0.000000","0","0"
"/Game/Realistic_Starter_VFX_Pack_Vol2/Materials/M_Spark_A.M_Spark_A","0","0","11","1","0.000000","0","0"
"/Game/Realistic_Starter_VFX_Pack_Vol2/Materials/M_Flies.M_Flies","0","0","56","1","0.000000","0","0"
"/Game/Realistic_Starter_VFX_Pack_Vol2/Materials/M_Explosion_E.M_Explosion_E","0","0","11","1","0.000000","0","0"
"/Game/Realistic_Starter_VFX_Pack_Vol2/Materials/M_Explosion_i.M_Explosion_I","0","0","74","1","0.000000","0","0"
"/Game/Realistic_Starter_VFX_Pack_Vol2/Materials/M_Explosion_G.M_Explosion_G","0","0","74","1","0.000000","0","0"
"/Game/Realistic_Starter_VFX_Pack_Vol2/Materials/M_Explosion_D.M_Explosion_D","0","0","74","1","0.000000","0","0"
"/Game/Realistic_Starter_VFX_Pack_Vol2/Materials/M_Explosion_B.M_Explosion_B","0","0","56","1","0.000000","0","0"
"/Game/Realistic_Starter_VFX_Pack_Vol2/Materials/M_WaterDrop_A.M_WaterDrop_A","0","0","71","1","0.000000","0","0"
"/Game/Realistic_Starter_VFX_Pack_Vol2/Materials/M_Impact_A.M_Impact_A","0","0","11","1","0.000000","0","0"
"/Game/Realistic_Starter_VFX_Pack_Vol2/Materials/M_Dirt_B.M_Dirt_B","0","0","56","1","0.000000","0","0"
"/Game/Realistic_Starter_VFX_Pack_Vol2/Materials/M_Dandelion.M_Dandelion","0","0","11","1","0.000000","0","0"
"/Game/Realistic_Starter_VFX_Pack_Vol2/Materials/M_Butterfly.M_Butterfly","0","0","17","1","0.000000","0","0"
"/Game/Realistic_Starter_VFX_Pack_Vol2/Materials/M_Bubble_pop.M_Bubble_Pop","0","0","11","1","0.000000","0","0"
"/Game/Realistic_Starter_VFX_Pack_Vol2/Materials/M_WaterDrop.M_WaterDrop","0","0","71","1","0.000000","0","0"
"/Game/Realistic_Starter_VFX_Pack_Vol2/Materials/M_Bubble.M_Bubble","0","0","11","1","0.000000","0","0"
"/Game/Polar/Materials/Vista_Materials/Sky_Materials/_M_Master_Stars._M_Master_Stars","0","0","7","1","0.000000","0","0"
"/Game/Polar/Materials/Vista_Materials/Sky_Materials/_M_Master_Foregrond_Clouds._M_Master_Foregrond_Clouds","0","0","31","1","0.000000","0","0"
"/Game/Polar/Materials/Vista_Materials/Sky_Materials/_M_Master_Clouds._M_Master_Clouds","0","0","31","1","0.000000","0","0"
"/Game/Polar/Materials/Vista_Materials/Sky_Materials/_M_Master_Galaxy._M_Master_Galaxy","0","0","10","2","0.000000","0","10"
"/Game/Polar/Materials/Vista_Materials/_M_Vista_Planet_Large._M_Vista_Planet_Large","0","0","29","1","0.000000","0","0"
"/Game/Polar/Materials/Vista_Materials/_M_Vista_Moon._M_Vista_Moon","0","0","29","1","0.000000","0","0"
"/Game/Polar/Materials/Vista_Materials/_M_Master_Translucent_Mountains._M_Master_Translucent_Mountains","0","0","55","1","0.000000","0","0"
"/Game/Polar/Materials/FX/_M_Blinking_Light._M_Blinking_Light","0","0","45","1","0.000000","0","0"
"/Game/Polar/Materials/FX/Particle_Materials/_M_Master_Lens_Flare_Master._M_Master_Lens_Flare_Master","0","0","112","2","0.000000","0","0"
"/Game/Polar/Materials/Cloth/_M_Master_Rubber._M_Master_Rubber","0","0","23","1","0.000000","0","0"
"/Game/Polar/Materials/Decal_Materials/_M_Master_Dirt_Decal._M_Master_Dirt_Decal","0","0","21","1","0.000000","0","0"
"/Game/Polar/Materials/Decal_Materials/M_Snow_Floor_Inst.M_Snow_Floor_Inst","0","0","21","1","0.000000","0","0"
"/Game/Polar/Materials/FX/Particle_Materials/M_Sparks_Particles.M_Sparks_Particles","0","0","56","1","0.000000","0","0"
"/Game/Polar/Materials/FX/Particle_Materials/M_Bubbles_Particles.M_Bubbles_Particles","0","0","56","1","0.000000","0","0"
"/Game/Polar/Materials/FX/Particle_Materials/M_Snow_Particles.M_Snow_Particles","0","0","76","1","0.000000","0","0"
"/Game/Polar/Materials/FX/Particle_Materials/M_SnowChuncks_Particles.M_SnowChuncks_Particles","0","0","56","1","0.000000","0","0"
"/Game/Polar/Materials/FX/Particle_Materials/M_Myst_Particles.M_Myst_Particles","0","0","56","1","0.000000","0","0"
"/Game/Polar/Materials/FX/Particle_Materials/M_Flying_Dust_Particles.M_Flying_Dust_Particles","0","0","56","1","0.000000","0","0"
"/Game/Polar/Materials/FX/_M_Master_Light_Shafts._M_Master_Light_Shafts","0","0","31","1","0.000000","0","0"
"/Game/Polar/Materials/Architectural/_M_Master_Material_2Sided._M_Master_Material_2Sided","0","0","568","8","0.000000","0","213"
"/Game/Polar/Materials/Architectural/_M_Master_Material._M_Master_Material","0","0","710","10","0.000000","0","497"
"/Game/Realistic_Starter_VFX_Pack_Vol2/Materials/M_Fire_B.M_Fire_B","0","0","11","1","0.000000","0","0"
"/Game/Realistic_Starter_VFX_Pack_Vol2/Materials/M_Fire_C.M_Fire_C","0","0","11","1","0.000000","0","0"
"/Game/KiteDemo/LevelContent/Architecture/M_1Meter_01.M_1Meter_01","0","0","27","1","0.000000","0","0"
"/Engine/EngineMaterials/PPM_DefaultCalibrationGrayscale.PPM_DefaultCalibrationGrayscale","0","0","5","1","0.000000","0","0"
"/Engine/EngineMaterials/PPM_DefaultCalibrationColor.PPM_DefaultCalibrationColor","0","0","5","1","0.000000","0","0"
"/Game/Realistic_Starter_VFX_Pack_Vol2/Materials/M_Leaves_A.M_Leaves_A","0","0","85","1","0.000000","0","0"
"/Game/Realistic_Starter_VFX_Pack_Vol2/Materials/M_Fire_Splat.M_Fire_Splat","0","0","11","1","0.000000","0","0"
"/Engine/EditorMaterials/PreviewShadowIndicatorMaterial.PreviewShadowIndicatorMaterial","0","0","45","1","0.000000","0","0"
"/Game/StarterContent/Props/Materials/M_Rock.M_Rock","0","0","23","1","0.000000","0","0"
"/Game/StarterContent/Materials/M_Water_Ocean.M_Water_Ocean","0","0","23","1","0.000000","0","0"
"/Game/StarterContent/Materials/M_Tech_Hex_Tile.M_Tech_Hex_Tile","0","0","23","1","0.000000","0","0"
"/Game/StarterContent/Materials/M_Metal_Rust.M_Metal_Rust","0","0","23","1","0.000000","0","0"
"/Game/StarterContent/Particles/Materials/M_radial_ramp.M_radial_ramp","0","0","14","1","0.000000","0","0"
"/Game/StarterContent/Particles/Materials/M_Radial_Gradient.M_Radial_Gradient","0","0","14","1","0.000000","0","0"
"/Game/StarterContent/Materials/M_Wood_Floor_Walnut_Worn.M_Wood_Floor_Walnut_Worn","0","0","23","1","0.000000","0","0"
"/Game/StarterContent/Materials/M_ColorGrid_LowSpec.M_ColorGrid_LowSpec","0","0","23","1","0.000000","0","0"
"/Game/StarterContent/Blueprints/Assets/M_LightStage_Skybox_Master.M_LightStage_Skybox_Master","0","0","8","2","0.000000","0","8"
"/Game/Realistic_Starter_VFX_Pack_Vol2/Materials/M_Dirt_A.M_Dirt_A","0","0","56","1","0.000000","0","0"
"/Game/Realistic_Starter_VFX_Pack_Vol2/Materials/M_Distortion.M_Distortion","0","0","62","1","0.000000","0","0"
"/Game/Polar/Materials/Vista_Materials/_M_Master_Mountains._M_Master_Mountains","0","0","245","7","0.000000","0","210"
"/Game/Polar/Materials/Vista_Materials/_M_Master_Displaced_Mountains._M_Master_Displaced_Mountains","0","0","86","2","0.000000","0","0"
"/Game/Polar/Materials/Glass/_M_Master_Glass._M_Master_Glass","0","0","33","1","0.000000","0","0"
"/Game/Polar/Materials/Cloth/_M_Master_Cloth._M_Master_Cloth","0","0","71","1","0.000000","0","71"
"/Fab/Actors/GlobalFoliageActor/Materials/MA_UI_Element.MA_UI_Element","0","0","27","1","0.000000","0","0"
"/Engine/EngineMaterials/AntiAliasedTextMaterialTranslucent.AntiAliasedTextMaterialTranslucent","0","0","22","1","0.000000","0","0"
"/Engine/EngineSky/M_Sky_Panning_Clouds2.M_Sky_Panning_Clouds2","0","0","4","1","0.000000","0","0"
"/Fab/Materials/Standard/M_MS_Srf.M_MS_Srf","0","0","27","1","0.000000","0","0"
"/Fab/Materials/Standard/M_MS_Base.M_MS_Base","0","0","27","1","0.000000","0","162"
"/Engine/EditorMeshes/ColorCalibrator/M_ColorGrid.M_ColorGrid","0","0","35","1","0.000000","0","0"
"/Engine/VREditor/SnapGrid/SnapGridMaterial.SnapGridMaterial","0","0","12","1","0.000000","0","0"
"/Engine/EngineSky/VolumetricClouds/m_SimpleVolumetricCloud.m_SimpleVolumetricCloud","0","0","100","1","0.000000","0","0"
"/Game/FPWeapon/Materials/M_FPGun.M_FPGun","0","0","58","1","0.000000","0","0"
"/Game/Realistic_Starter_VFX_Pack_Vol2/Materials/M_Snow.M_Snow","0","0","11","1","0.000000","0","0"
"/Game/Realistic_Starter_VFX_Pack_Vol2/Materials/M_Glow_B.M_Glow_B","0","0","11","1","0.000000","0","0"
"/Game/Realistic_Starter_VFX_Pack_Vol2/Materials/M_Glow_A.M_Glow_A","0","0","11","1","0.000000","0","0"
"/Game/KiteDemo/LevelContent/Architecture/M_CycWall_01.M_CycWall_01","0","0","23","1","0.000000","0","0"
"/Game/KiteDemo/LevelContent/Architecture/M_CycRoom_01.M_CycRoom_01","0","0","23","1","0.000000","0","0"
"/Game/Realistic_Starter_VFX_Pack_Vol2/Materials/M_Fish_A.M_Fish_A","0","0","112","1","0.000000","0","0"
"/Interchange/gltf/M_Unlit.M_Unlit","0","0","128","6","0.000000","0","0"
"/Game/Polar/Materials/Water/_M_Master_Liquid._M_Master_Liquid","0","0","385","5","0.000000","0","154"
"/Game/Polar/Materials/FX/_M_Caustics_Light._M_Caustics_Light","0","0","45","1","0.000000","0","0"
"/Game/Polar/Materials/Decal_Materials/_M_Master_Water_Decal._M_Master_Water_Decal","0","0","192","6","0.000000","0","0"
"/Game/Polar/Materials/Decal_Materials/_M_Master_Generic_Water_Decal._M_Master_Generic_Water_Decal","0","0","60","2","0.000000","0","0"
"/Fab/Materials/Standard/M_MS_Base_Fuzz.M_MS_Base_Fuzz","0","0","27","1","0.000000","0","27"
"/Engine/EditorMaterials/Thumbnails/SkySphereMaterial.SkySphereMaterial","0","0","23","1","0.000000","0","0"
"/Game/FirstPersonArms/Character/Materials/M_Mannequin.M_Mannequin","0","0","60","2","0.000000","0","30"
"/Game/LevelPrototyping/Materials/M_PrototypeGrid.M_PrototypeGrid","0","0","69","3","0.000000","0","23"
"/SpeedTreeImporter/SpeedTree9/SpeedTreeBillboardMaster.SpeedTreeBillboardMaster","0","0","62","1","0.000000","0","0"
"/SpeedTreeImporter/SpeedTree9/SpeedTreeMaster.SpeedTreeMaster","0","0","88","1","0.000000","0","0"
"/Fab/Materials/Standard/M_MS_Billboard.M_MS_Billboard","0","0","62","2","0.000000","0","124"
"/Fab/Materials/Standard/M_MS_Foliage.M_MS_Foliage","0","0","62","2","0.000000","0","124"
"/Interchange/gltf/M_SpecularGlossiness.M_SpecularGlossiness","0","0","272","6","0.000000","0","0"
"/Interchange/gltf/M_Sheen.M_Sheen","0","0","272","6","0.000000","0","0"
"/Interchange/gltf/M_Transmission.M_Transmission","0","0","96","2","0.000000","0","0"
"/Interchange/gltf/M_ClearCoat.M_ClearCoat","0","0","272","6","0.000000","0","0"
"/Interchange/gltf/M_Default.M_Default","0","0","272","6","0.000000","0","0"
"/ControlRig/Controls/ControlRigGizmoMaterial.ControlRigGizmoMaterial","49","0","4","1","0.000000","0","0"
"/MeshModelingToolset/Materials/M_DynamicMeshComponentVtxColor.M_DynamicMeshComponentVtxColor","49","0","20","1","0.000000","0","0"
"/Engine/EngineDebugMaterials/DebugEditorMaterial.DebugEditorMaterial","49","0","8","1","0.000000","0","0"
"/Engine/EditorMaterials/PhAT_NoCollisionMaterial.PhAT_NoCollisionMaterial","49","0","5","1","0.000000","0","0"
"/Engine/EditorMaterials/PhAT_UnselectedMaterial.PhAT_UnselectedMaterial","49","0","5","1","0.000000","0","0"
"/Engine/EngineMaterials/NaniteHiddenSectionMaterial.NaniteHiddenSectionMaterial","49","0","31","1","0.000000","0","0"
"/Engine/EditorMaterials/Dataflow/DataflowVertexMaterial.DataflowVertexMaterial","49","0","26","1","0.000000","0","0"
"/Engine/EngineMaterials/GizmoMaterial.GizmoMaterial","49","0","8","1","0.000000","0","0"
"/Engine/EngineDebugMaterials/DebugMeshMaterial.DebugMeshMaterial","49","0","7","1","0.000000","0","0"
"/Engine/EngineMaterials/RemoveSurfaceMaterial.RemoveSurfaceMaterial","49","0","4","1","0.000000","0","0"
"/Engine/BasicShapes/BasicShapeMaterial.BasicShapeMaterial","49","0","96","1","0.000000","0","0"
"/Engine/EditorMaterials/Camera/CineMat.CineMat","49","0","26","1","0.000000","0","0"
"/Engine/EngineMaterials/DefaultLightFunctionMaterial.DefaultLightFunctionMaterial","49","0","61","1","0.000000","0","0"
"/Engine/VREditor/TransformGizmo/TranslucentTransformGizmoMaterial.TranslucentTransformGizmoMaterial","49","0","5","1","0.000000","0","0"
"/Engine/EngineDebugMaterials/M_SimpleUnlitTranslucent.M_SimpleUnlitTranslucent","49","0","5","1","0.000000","0","0"
"/ControlRig/Controls/ControlRigXRayMaterial.ControlRigXRayMaterial","49","0","11","1","0.000000","0","0"
"/Engine/EditorLandscapeResources/SplineEditorMeshMat.SplineEditorMeshMat","49","0","17","1","0.000000","0","0"
"/Engine/VREditor/TransformGizmo/Xray.Xray","49","0","14","1","0.000000","0","0"
"/Engine/VREditor/TransformGizmo/Main.Main","49","0","5","1","0.000000","0","0"
"/Game/StarterContent/Blueprints/Assets/M_LightStage_Arrows.M_LightStage_Arrows","49","0","4","1","0.000000","0","4"
"/Game/StarterContent/Particles/Materials/m_flare_01.m_flare_01","49","0","14","1","0.000000","0","0"
"/Game/StarterContent/Materials/M_Glass.M_Glass","49","0","35","1","0.000000","0","0"
"/Game/StarterContent/Materials/M_Basic_Wall.M_Basic_Wall","49","0","23","1","0.000000","0","0"
"/Game/StarterContent/Materials/M_Basic_Floor.M_Basic_Floor","49","0","23","1","0.000000","0","0"
"/Game/StarterContent/Materials/M_AssetPlatform.M_AssetPlatform","49","0","23","1","0.000000","0","0"
"/Game/SciFiCrates/Building/Materials/Glass.Glass","49","0","35","1","0.000000","0","0"
"/Game/Realistic_Starter_VFX_Pack_Vol2/DemoRoom/Materials/M_DemoWall.M_DemoWall","49","0","59","1","0.000000","0","0"
"/Game/Realistic_Starter_VFX_Pack_Vol2/Materials/M_Mud.M_Mud","49","0","62","1","0.000000","0","0"
"/Game/Realistic_Starter_VFX_Pack_Vol2/Materials/M_Derbis.M_Derbis","49","0","26","1","0.000000","0","0"
"/Game/Realistic_Starter_VFX_Pack_Vol2/Materials/M_Basic_Shape.M_Basic_Shape","49","0","46","1","0.000000","0","0"
"/Game/Polar/Materials/Vista_Materials/Sky_Materials/_M_Master_Sky._M_Master_Sky","49","0","7","1","0.000000","0","0"
"/Game/LevelPrototyping/Materials/M_Solid.M_Solid","49","0","26","1","0.000000","0","0"
"/Game/FPWeapon/Materials/BaseMaterial.BaseMaterial","49","0","35","1","0.000000","0","0"
"/Engine/EngineSky/M_SimpleSkyDome.M_SimpleSkyDome","49","0","4","1","0.000000","0","0"
"/Engine/EngineMaterials/EmissiveMeshMaterial.EmissiveMeshMaterial","49","0","7","1","0.000000","0","0"
"/Paper2D/DefaultSpriteMaterial.DefaultSpriteMaterial","49","0","54","2","0.000000","0","0"
"/Engine/EngineMaterials/PhAT_JointLimitMaterial.PhAT_JointLimitMaterial","49","0","11","1","0.000000","0","0"
"/ControlRig/M_Manip.M_Manip","49","0","11","1","0.000000","0","0"
"/Engine/EngineMaterials/M_InvalidLightmapSettings.M_InvalidLightmapSettings","49","0","28","1","0.000000","0","0"
"/Engine/TemplateResources/M_Template_Master.M_Template_Master","49","0","35","1","0.000000","0","0"
"/Engine/EditorMeshes/ColorCalibrator/M_GreyBall.M_GreyBall","49","0","35","1","0.000000","0","0"
"/Engine/EditorMeshes/ColorCalibrator/M_ClearCoat.M_ClearCoat","49","0","23","1","0.000000","0","0"
"/Engine/EditorMeshes/ColorCalibrator/M_ChromeBall.M_ChromeBall","49","0","35","1","0.000000","0","0"
"/Engine/EditorMeshes/ColorCalibrator/M_ClearCoatBlack.M_ClearCoatBlack","49","0","23","1","0.000000","0","0"
"/Engine/EngineMaterials/FlattenMaterial_WS_Normal_VT.FlattenMaterial_WS_Normal_VT","49","0","64","1","0.000000","0","0"
"/Engine/EngineMaterials/FlattenMaterial_VT.FlattenMaterial_VT","49","0","64","1","0.000000","0","0"
"/Engine/EngineMaterials/FlattenMaterial.FlattenMaterial","49","0","64","1","0.000000","0","0"
"/Engine/EngineDebugMaterials/M_VolumeRenderSphereTracePP.M_VolumeRenderSphereTracePP","49","0","5","1","0.000000","0","0"
"/Engine/VREditor/TransformGizmo/TransformGizmoMaterial.TransformGizmoMaterial","49","0","4","1","0.000000","0","0"
"/Engine/EngineMaterials/Widget3DPassThrough.Widget3DPassThrough","49","0","66","6","0.000000","0","5"
"/Engine/EngineMaterials/DefaultDeferredDecalMaterial.DefaultDeferredDecalMaterial","49","0","87","1","0.000000","0","0"
"/Engine/EngineMaterials/DefaultMaterial.DefaultMaterial","49","0","127","1","0.000000","0","0"
"/Engine/EngineMaterials/DefaultPostProcessMaterial.DefaultPostProcessMaterial","49","0","7","1","0.000000","0","0"
"/Engine/EngineMaterials/WorldGridMaterial.WorldGridMaterial","49","0","970","1","0.000000","0","0"
"/Engine/EngineMaterials/DefaultTextMaterialOpaque.DefaultTextMaterialOpaque","49","0","33","1","0.000000","0","0"
"/Game/StarterContent/Particles/Materials/M_Heat_Distortion.M_Heat_Distortion","49","0","23","1","0.000000","0","0"
"/Game/StarterContent/Props/Materials/M_TableRound.M_TableRound","49","0","23","1","0.000000","0","0"
"/Game/StarterContent/Props/Materials/M_StatueGlass.M_StatueGlass","49","0","35","1","0.000000","0","0"
"/Game/StarterContent/Props/Materials/M_Statue.M_Statue","49","0","23","1","0.000000","0","0"
"/Game/StarterContent/Particles/Materials/M_Spark.M_Spark","49","0","11","1","0.000000","0","0"
"/Game/StarterContent/Particles/Materials/M_smoke_subUV.M_smoke_subUV","49","0","56","1","0.000000","0","0"
"/Game/StarterContent/Props/Materials/M_Shelf.M_Shelf","49","0","23","1","0.000000","0","0"
"/Game/StarterContent/Materials/M_Wood_Floor_Walnut_Polished.M_Wood_Floor_Walnut_Polished","49","0","23","1","0.000000","0","0"
"/Game/StarterContent/Materials/M_Water_Lake.M_Water_Lake","49","0","23","1","0.000000","0","0"
"/Game/StarterContent/Materials/M_Rock_Marble_Polished.M_Rock_Marble_Polished","49","0","23","1","0.000000","0","0"
"/Game/StarterContent/Materials/M_Wood_Walnut.M_Wood_Walnut","49","0","23","1","0.000000","0","0"
"/Game/StarterContent/Materials/M_Wood_Pine.M_Wood_Pine","49","0","23","1","0.000000","0","0"
"/Game/StarterContent/Materials/M_Wood_Oak.M_Wood_Oak","49","0","23","1","0.000000","0","0"
"/Game/StarterContent/Materials/M_Tech_Panel.M_Tech_Panel","49","0","23","1","0.000000","0","0"
"/Game/StarterContent/Materials/M_Tech_Hex_Tile_Pulse.M_Tech_Hex_Tile_Pulse","49","0","23","1","0.000000","0","0"
"/Game/StarterContent/Materials/M_Rock_Slate.M_Rock_Slate","49","0","23","1","0.000000","0","0"
"/Game/StarterContent/Materials/M_Rock_Sandstone.M_Rock_Sandstone","49","0","23","1","0.000000","0","0"
"/Game/StarterContent/Particles/Materials/M_Fire_SubUV.M_Fire_SubUV","49","0","11","1","0.000000","0","0"
"/Game/StarterContent/Particles/Materials/M_explosion_subUV.M_explosion_subUV","49","0","11","1","0.000000","0","0"
"/Game/StarterContent/Particles/Materials/M_Dust_Particle.M_Dust_Particle","49","0","74","1","0.000000","0","0"
"/Game/StarterContent/Props/Materials/M_Lamp.M_Lamp","49","0","23","1","0.000000","0","0"
"/Game/StarterContent/Materials/M_Rock_Basalt.M_Rock_Basalt","49","0","23","1","0.000000","0","0"
"/Game/StarterContent/Materials/M_Metal_Steel.M_Metal_Steel","49","0","23","1","0.000000","0","0"
"/Game/StarterContent/Materials/M_Metal_Gold.M_Metal_Gold","49","0","23","1","0.000000","0","0"
"/Game/StarterContent/Materials/M_Metal_Copper.M_Metal_Copper","49","0","23","1","0.000000","0","0"
"/Game/StarterContent/Materials/M_Metal_Chrome.M_Metal_Chrome","49","0","23","1","0.000000","0","0"
"/Game/StarterContent/Materials/M_Metal_Burnished_Steel.M_Metal_Burnished_Steel","49","0","23","1","0.000000","0","0"
"/Game/StarterContent/Materials/M_Metal_Brushed_Nickel.M_Metal_Brushed_Nickel","49","0","23","1","0.000000","0","0"
"/Game/StarterContent/Materials/M_Ground_Moss.M_Ground_Moss","49","0","23","1","0.000000","0","0"
"/Game/StarterContent/Materials/M_Ground_Gravel.M_Ground_Gravel","49","0","23","1","0.000000","0","0"
"/Game/StarterContent/Materials/M_Ground_Grass.M_Ground_Grass","49","0","23","1","0.000000","0","0"
"/Game/StarterContent/Props/Materials/M_Frame.M_Frame","49","0","23","1","0.000000","0","0"
"/Game/StarterContent/Materials/M_CobbleStone_Rough.M_CobbleStone_Rough","49","0","23","1","0.000000","0","0"
"/Game/StarterContent/Materials/M_CobbleStone_Pebble.M_CobbleStone_Pebble","49","0","23","1","0.000000","0","0"
"/Game/StarterContent/Materials/M_Tech_Checker_Dot.M_Tech_Checker_Dot","49","0","23","1","0.000000","0","0"
"/Game/StarterContent/Props/Materials/M_Door.M_Door","49","0","23","1","0.000000","0","0"
"/Game/StarterContent/Materials/M_Concrete_Tiles.M_Concrete_Tiles","49","0","23","1","0.000000","0","0"
"/Game/StarterContent/Materials/M_Concrete_Poured.M_Concrete_Poured","49","0","23","1","0.000000","0","0"
"/Game/StarterContent/Materials/M_Concrete_Panels.M_Concrete_Panels","49","0","23","1","0.000000","0","0"
"/Game/StarterContent/Materials/M_Concrete_Grime.M_Concrete_Grime","49","0","23","1","0.000000","0","0"
"/Game/StarterContent/Materials/M_CobbleStone_Smooth.M_CobbleStone_Smooth","49","0","23","1","0.000000","0","0"
"/Game/StarterContent/Props/Materials/M_Chair.M_Chair","49","0","23","1","0.000000","0","0"
"/Game/StarterContent/Materials/M_Ceramic_Tile_Checker.M_Ceramic_Tile_Checker","49","0","23","1","0.000000","0","0"
"/Game/StarterContent/Props/Materials/M_Bush.M_Bush","49","0","46","1","0.000000","0","0"
"/Game/StarterContent/Particles/Materials/M_Burst.M_Burst","49","0","17","1","0.000000","0","0"
"/Game/StarterContent/Materials/M_Brick_Hewn_Stone.M_Brick_Hewn_Stone","49","0","23","1","0.000000","0","0"
"/Game/StarterContent/Materials/M_Brick_Cut_Stone.M_Brick_Cut_Stone","49","0","23","1","0.000000","0","0"
"/Game/StarterContent/Materials/M_Brick_Clay_Old.M_Brick_Clay_Old","49","0","23","1","0.000000","0","0"
"/Game/StarterContent/Materials/M_Brick_Clay_New.M_Brick_Clay_New","49","0","23","1","0.000000","0","0"
"/Game/StarterContent/Materials/M_Brick_Clay_Beveled.M_Brick_Clay_Beveled","49","0","23","1","0.000000","0","0"
"/Game/Realistic_Starter_VFX_Pack_Vol2/DemoRoom/Materials/DefaultTextMaterialTranslucentUnlit.DefaultTextMaterialTranslucentUnlit","49","0","22","1","0.000000","0","0"
"/Game/Polar/Materials/FX/Particle_Materials/M_Cockroach.M_Cockroach","49","0","186","1","0.000000","0","0"
"/Game/Polar/Materials/Decal_Materials/_M_Master_Sign_Decal._M_Master_Sign_Decal","49","0","168","8","0.000000","0","0"
"/Game/Realistic_Starter_VFX_Pack_Vol2/Materials/M_Smoke_Ground_B.M_Smoke_Ground_B","49","0","56","1","0.000000","0","0"
"/Game/SciFiCrates/Building/Materials/Building_Set/M_Mid_Wall_S1.M_Mid_Wall_S1","49","0","23","1","0.000000","0","0"
"/Game/SciFiCrates/Crates/Material/M_Crate_3.M_Crate_3","49","0","23","1","0.000000","0","0"
"/Game/SciFiCrates/Crates/Material/M_Crate_2.M_Crate_2","49","0","23","1","0.000000","0","0"
"/Game/SciFiCrates/Crates/Material/M_Crates_1.M_Crates_1","49","0","23","1","0.000000","0","0"
"/Game/SciFiCrates/Building/Materials/Building_Set/M_Window_Wall.M_Window_Wall","49","0","23","1","0.000000","0","0"
"/Game/SciFiCrates/Building/Materials/Building_Set/M_Window_Wall_Long.M_Window_Wall_Long","49","0","23","1","0.000000","0","0"
"/Game/SciFiCrates/Building/Materials/Building_Set/M_Top_Wall_S1.M_Top_Wall_S1","49","0","23","1","0.000000","0","0"
"/Game/SciFiCrates/Building/Materials/Building_Set/M_Base_Wall_S1.M_Base_Wall_S1","49","0","23","1","0.000000","0","0"
"/Game/SciFiCrates/Building/Materials/Building_Set/M_Supports.M_Supports","49","0","23","1","0.000000","0","0"
"/Game/SciFiCrates/Building/Materials/Building_Set/M_Roof.M_Roof","49","0","27","1","0.000000","0","0"
"/Game/SciFiCrates/Building/Materials/Building_Set/M_Floor.M_Floor","49","0","46","1","0.000000","0","0"
"/Game/SciFiCrates/Building/Materials/Building_Set/M_Door_Frame.M_Door_Frame","49","0","27","1","0.000000","0","0"
"/Game/Realistic_Starter_VFX_Pack_Vol2/Materials/M_Bubble_B.M_Bubble_B","49","0","11","1","0.000000","0","0"
"/Game/Realistic_Starter_VFX_Pack_Vol2/Materials/M_Water_Splat.M_Water_Splat","49","0","11","1","0.000000","0","0"
"/Game/Realistic_Starter_VFX_Pack_Vol2/Materials/M_Slash.M_Slash","49","0","11","1","0.000000","0","0"
"/Game/Realistic_Starter_VFX_Pack_Vol2/Materials/M_Smoke_Ground_C.M_Smoke_Ground_C","49","0","56","1","0.000000","0","0"
"/Game/Realistic_Starter_VFX_Pack_Vol2/Materials/M_Splat_A.M_Splat_A","49","0","11","1","0.000000","0","0"
"/Game/Realistic_Starter_VFX_Pack_Vol2/Materials/M_Blood_C.M_Blood_C","49","0","27","1","0.000000","0","0"
"/Game/Realistic_Starter_VFX_Pack_Vol2/Materials/M_Glow_C.M_Glow_C","49","0","14","1","0.000000","0","0"
"/Game/Realistic_Starter_VFX_Pack_Vol2/Materials/M_Smoke_Wisp.M_Smoke_Wisp","49","0","56","1","0.000000","0","0"
"/Game/Realistic_Starter_VFX_Pack_Vol2/Materials/M_Smoke_Puff_A.M_Smoke_Puff_A","49","0","56","1","0.000000","0","0"
"/Game/Realistic_Starter_VFX_Pack_Vol2/Materials/M_Smoke_Ground.M_Smoke_Ground","49","0","56","1","0.000000","0","0"
"/Game/Realistic_Starter_VFX_Pack_Vol2/Materials/M_Smoke_A.M_Smoke_A","49","0","74","1","0.000000","0","0"
"/Game/Realistic_Starter_VFX_Pack_Vol2/Materials/M_Smoke_C.M_Smoke_C","49","0","56","1","0.000000","0","0"
"/Game/Realistic_Starter_VFX_Pack_Vol2/Materials/M_Rock_B.M_Rock_B","49","0","92","1","0.000000","0","0"
"/Game/Realistic_Starter_VFX_Pack_Vol2/Materials/M_Paper.M_Paper","49","0","56","1","0.000000","0","0"
"/Game/Realistic_Starter_VFX_Pack_Vol2/Materials/M_WaterDrop_B.M_WaterDrop_B","49","0","71","1","0.000000","0","0"
"/Game/Realistic_Starter_VFX_Pack_Vol2/Materials/M_Heat_Distortion.M_Heat_Distortion","49","0","23","1","0.000000","0","0"
"/Game/Realistic_Starter_VFX_Pack_Vol2/Materials/M_Wood.M_Wood","49","0","92","1","0.000000","0","0"
"/Game/Realistic_Starter_VFX_Pack_Vol2/Materials/M_Lightning_small.M_Lightning_small","49","0","11","1","0.000000","0","0"
"/Game/Realistic_Starter_VFX_Pack_Vol2/Materials/M_Impact_B.M_Impact_B","49","0","11","1","0.000000","0","0"
"/Game/Realistic_Starter_VFX_Pack_Vol2/Materials/M_Impact_C.M_Impact_C","49","0","11","1","0.000000","0","0"
"/Game/Realistic_Starter_VFX_Pack_Vol2/Materials/M_Glass.M_Glass","49","0","56","1","0.000000","0","0"
"/Game/Realistic_Starter_VFX_Pack_Vol2/Materials/M_Glow_D.M_Glow_D","49","0","11","1","0.000000","0","0"
"/Game/Realistic_Starter_VFX_Pack_Vol2/Materials/M_spark_C.M_Spark_C","49","0","11","1","0.000000","0","0"
"/Game/Realistic_Starter_VFX_Pack_Vol2/Materials/M_Spark_A.M_Spark_A","49","0","11","1","0.000000","0","0"
"/Game/Realistic_Starter_VFX_Pack_Vol2/Materials/M_Flies.M_Flies","49","0","56","1","0.000000","0","0"
"/Game/Realistic_Starter_VFX_Pack_Vol2/Materials/M_Explosion_E.M_Explosion_E","49","0","11","1","0.000000","0","0"
"/Game/Realistic_Starter_VFX_Pack_Vol2/Materials/M_Explosion_i.M_Explosion_I","49","0","74","1","0.000000","0","0"
"/Game/Realistic_Starter_VFX_Pack_Vol2/Materials/M_Explosion_G.M_Explosion_G","49","0","74","1","0.000000","0","0"
"/Game/Realistic_Starter_VFX_Pack_Vol2/Materials/M_Explosion_D.M_Explosion_D","49","0","74","1","0.000000","0","0"
"/Game/Realistic_Starter_VFX_Pack_Vol2/Materials/M_Explosion_B.M_Explosion_B","49","0","56","1","0.000000","0","0"
"/Game/Realistic_Starter_VFX_Pack_Vol2/Materials/M_WaterDrop_A.M_WaterDrop_A","49","0","71","1","0.000000","0","0"
"/Game/Realistic_Starter_VFX_Pack_Vol2/Materials/M_Impact_A.M_Impact_A","49","0","11","1","0.000000","0","0"
"/Game/Realistic_Starter_VFX_Pack_Vol2/Materials/M_Dirt_B.M_Dirt_B","49","0","56","1","0.000000","0","0"
"/Game/Realistic_Starter_VFX_Pack_Vol2/Materials/M_Dandelion.M_Dandelion","49","0","11","1","0.000000","0","0"
"/Game/Realistic_Starter_VFX_Pack_Vol2/Materials/M_Butterfly.M_Butterfly","49","0","17","1","0.000000","0","0"
"/Game/Realistic_Starter_VFX_Pack_Vol2/Materials/M_Bubble_pop.M_Bubble_Pop","49","0","11","1","0.000000","0","0"
"/Game/Realistic_Starter_VFX_Pack_Vol2/Materials/M_WaterDrop.M_WaterDrop","49","0","71","1","0.000000","0","0"
"/Game/Realistic_Starter_VFX_Pack_Vol2/Materials/M_Bubble.M_Bubble","49","0","11","1","0.000000","0","0"
"/Game/Polar/Materials/Vista_Materials/Sky_Materials/_M_Master_Stars._M_Master_Stars","49","0","7","1","0.000000","0","0"
"/Game/Polar/Materials/Vista_Materials/Sky_Materials/_M_Master_Foregrond_Clouds._M_Master_Foregrond_Clouds","49","0","31","1","0.000000","0","0"
"/Game/Polar/Materials/Vista_Materials/Sky_Materials/_M_Master_Clouds._M_Master_Clouds","49","0","31","1","0.000000","0","0"
"/Game/Polar/Materials/Vista_Materials/Sky_Materials/_M_Master_Galaxy._M_Master_Galaxy","49","0","10","2","0.000000","0","10"
"/Game/Polar/Materials/Vista_Materials/_M_Vista_Planet_Large._M_Vista_Planet_Large","49","0","29","1","0.000000","0","0"
"/Game/Polar/Materials/Vista_Materials/_M_Vista_Moon._M_Vista_Moon","49","0","29","1","0.000000","0","0"
"/Game/Polar/Materials/Vista_Materials/_M_Master_Translucent_Mountains._M_Master_Translucent_Mountains","49","0","55","1","0.000000","0","0"
"/Game/Polar/Materials/FX/_M_Blinking_Light._M_Blinking_Light","49","0","61","1","0.000000","0","0"
"/Game/Polar/Materials/FX/Particle_Materials/_M_Master_Lens_Flare_Master._M_Master_Lens_Flare_Master","49","0","112","2","0.000000","0","0"
"/Game/Polar/Materials/Cloth/_M_Master_Rubber._M_Master_Rubber","49","0","52","1","0.000000","0","0"
"/Game/Polar/Materials/Decal_Materials/_M_Master_Dirt_Decal._M_Master_Dirt_Decal","49","0","21","1","0.000000","0","0"
"/Game/Polar/Materials/Decal_Materials/M_Snow_Floor_Inst.M_Snow_Floor_Inst","49","0","21","1","0.000000","0","0"
"/Game/Polar/Materials/FX/Particle_Materials/M_Sparks_Particles.M_Sparks_Particles","49","0","56","1","0.000000","0","0"
"/Game/Polar/Materials/FX/Particle_Materials/M_Bubbles_Particles.M_Bubbles_Particles","49","0","56","1","0.000000","0","0"
"/Game/Polar/Materials/FX/Particle_Materials/M_Snow_Particles.M_Snow_Particles","49","0","76","1","0.000000","0","0"
"/Game/Polar/Materials/FX/Particle_Materials/M_SnowChuncks_Particles.M_SnowChuncks_Particles","49","0","56","1","0.000000","0","0"
"/Game/Polar/Materials/FX/Particle_Materials/M_Myst_Particles.M_Myst_Particles","49","0","56","1","0.000000","0","0"
"/Game/Polar/Materials/FX/Particle_Materials/M_Flying_Dust_Particles.M_Flying_Dust_Particles","49","0","56","1","0.000000","0","0"
"/Game/Polar/Materials/FX/_M_Master_Light_Shafts._M_Master_Light_Shafts","49","0","31","1","0.000000","0","0"
"/Game/Polar/Materials/Architectural/_M_Master_Material_2Sided._M_Master_Material_2Sided","49","0","1024","8","0.000000","0","384"
"/Game/Polar/Materials/Architectural/_M_Master_Material._M_Master_Material","49","0","1280","10","0.000000","0","896"
"/Game/Realistic_Starter_VFX_Pack_Vol2/Materials/M_Fire_B.M_Fire_B","49","0","11","1","0.000000","0","0"
"/Game/Realistic_Starter_VFX_Pack_Vol2/Materials/M_Fire_C.M_Fire_C","49","0","11","1","0.000000","0","0"
"/Game/KiteDemo/LevelContent/Architecture/M_1Meter_01.M_1Meter_01","49","0","27","1","0.000000","0","0"
"/Engine/EngineMaterials/PPM_DefaultCalibrationGrayscale.PPM_DefaultCalibrationGrayscale","49","0","5","1","0.000000","0","0"
"/Engine/EngineMaterials/PPM_DefaultCalibrationColor.PPM_DefaultCalibrationColor","49","0","5","1","0.000000","0","0"
"/Game/Realistic_Starter_VFX_Pack_Vol2/Materials/M_Leaves_A.M_Leaves_A","49","0","91","1","0.000000","0","0"
"/Game/Realistic_Starter_VFX_Pack_Vol2/Materials/M_Fire_Splat.M_Fire_Splat","49","0","11","1","0.000000","0","0"
"/Engine/EditorMaterials/PreviewShadowIndicatorMaterial.PreviewShadowIndicatorMaterial","49","0","61","1","0.000000","0","0"
"/Game/StarterContent/Props/Materials/M_Rock.M_Rock","49","0","23","1","0.000000","0","0"
"/Game/StarterContent/Materials/M_Water_Ocean.M_Water_Ocean","49","0","23","1","0.000000","0","0"
"/Game/StarterContent/Materials/M_Tech_Hex_Tile.M_Tech_Hex_Tile","49","0","23","1","0.000000","0","0"
"/Game/StarterContent/Materials/M_Metal_Rust.M_Metal_Rust","49","0","23","1","0.000000","0","0"
"/Game/StarterContent/Particles/Materials/M_radial_ramp.M_radial_ramp","49","0","14","1","0.000000","0","0"
"/Game/StarterContent/Particles/Materials/M_Radial_Gradient.M_Radial_Gradient","49","0","14","1","0.000000","0","0"
"/Game/StarterContent/Materials/M_Wood_Floor_Walnut_Worn.M_Wood_Floor_Walnut_Worn","49","0","23","1","0.000000","0","0"
"/Game/StarterContent/Materials/M_ColorGrid_LowSpec.M_ColorGrid_LowSpec","49","0","23","1","0.000000","0","0"
"/Game/StarterContent/Blueprints/Assets/M_LightStage_Skybox_Master.M_LightStage_Skybox_Master","49","0","8","2","0.000000","0","4"
"/Game/Realistic_Starter_VFX_Pack_Vol2/Materials/M_Dirt_A.M_Dirt_A","49","0","56","1","0.000000","0","0"
"/Game/Realistic_Starter_VFX_Pack_Vol2/Materials/M_Distortion.M_Distortion","49","0","62","1","0.000000","0","0"
"/Game/Polar/Materials/Vista_Materials/_M_Master_Mountains._M_Master_Mountains","49","0","448","7","0.000000","0","384"
"/Game/Polar/Materials/Vista_Materials/_M_Master_Displaced_Mountains._M_Master_Displaced_Mountains","49","0","144","2","0.000000","0","0"
"/Game/Polar/Materials/Glass/_M_Master_Glass._M_Master_Glass","49","0","33","1","0.000000","0","0"
"/Game/Polar/Materials/Cloth/_M_Master_Cloth._M_Master_Cloth","49","0","128","1","0.000000","0","128"
"/Fab/Actors/GlobalFoliageActor/Materials/MA_UI_Element.MA_UI_Element","49","0","29","1","0.000000","0","0"
"/Engine/EngineMaterials/AntiAliasedTextMaterialTranslucent.AntiAliasedTextMaterialTranslucent","49","0","22","1","0.000000","0","0"
"/Engine/EngineSky/M_Sky_Panning_Clouds2.M_Sky_Panning_Clouds2","49","0","4","1","0.000000","0","0"
"/Fab/Materials/Standard/M_MS_Srf.M_MS_Srf","49","0","29","1","0.000000","0","0"
"/Fab/Materials/Standard/M_MS_Base.M_MS_Base","49","0","29","1","0.000000","0","174"
"/Engine/EditorMeshes/ColorCalibrator/M_ColorGrid.M_ColorGrid","49","0","35","1","0.000000","0","0"
"/Engine/VREditor/SnapGrid/SnapGridMaterial.SnapGridMaterial","49","0","12","1","0.000000","0","0"
"/Engine/EngineSky/VolumetricClouds/m_SimpleVolumetricCloud.m_SimpleVolumetricCloud","49","0","100","1","0.000000","0","0"
"/Game/FPWeapon/Materials/M_FPGun.M_FPGun","49","0","62","1","0.000000","0","0"
"/Game/Realistic_Starter_VFX_Pack_Vol2/Materials/M_Snow.M_Snow","49","0","11","1","0.000000","0","0"
"/Game/Realistic_Starter_VFX_Pack_Vol2/Materials/M_Glow_B.M_Glow_B","49","0","11","1","0.000000","0","0"
"/Game/Realistic_Starter_VFX_Pack_Vol2/Materials/M_Glow_A.M_Glow_A","49","0","11","1","0.000000","0","0"
"/Game/KiteDemo/LevelContent/Architecture/M_CycWall_01.M_CycWall_01","49","0","23","1","0.000000","0","0"
"/Game/KiteDemo/LevelContent/Architecture/M_CycRoom_01.M_CycRoom_01","49","0","23","1","0.000000","0","0"
"/Game/Realistic_Starter_VFX_Pack_Vol2/Materials/M_Fish_A.M_Fish_A","49","0","120","1","0.000000","0","0"
"/Interchange/gltf/M_Unlit.M_Unlit","49","0","136","6","0.000000","0","0"
"/Game/Polar/Materials/Water/_M_Master_Liquid._M_Master_Liquid","49","0","385","5","0.000000","0","154"
"/Game/Polar/Materials/FX/_M_Caustics_Light._M_Caustics_Light","49","0","61","1","0.000000","0","0"
"/Game/Polar/Materials/Decal_Materials/_M_Master_Water_Decal._M_Master_Water_Decal","49","0","192","6","0.000000","0","0"
"/Game/Polar/Materials/Decal_Materials/_M_Master_Generic_Water_Decal._M_Master_Generic_Water_Decal","49","0","60","2","0.000000","0","0"
"/Fab/Materials/Standard/M_MS_Base_Fuzz.M_MS_Base_Fuzz","49","0","29","1","0.000000","0","29"
"/Engine/EditorMaterials/Thumbnails/SkySphereMaterial.SkySphereMaterial","49","0","23","1","0.000000","0","0"
"/Game/FirstPersonArms/Character/Materials/M_Mannequin.M_Mannequin","49","0","60","2","0.000000","0","30"
"/Game/LevelPrototyping/Materials/M_PrototypeGrid.M_PrototypeGrid","49","0","69","3","0.000000","0","23"
"/SpeedTreeImporter/SpeedTree9/SpeedTreeBillboardMaster.SpeedTreeBillboardMaster","49","0","66","1","0.000000","0","0"
"/SpeedTreeImporter/SpeedTree9/SpeedTreeMaster.SpeedTreeMaster","49","0","92","1","0.000000","0","0"
"/Fab/Materials/Standard/M_MS_Billboard.M_MS_Billboard","49","0","66","2","0.000000","0","132"
"/Fab/Materials/Standard/M_MS_Foliage.M_MS_Foliage","49","0","66","2","0.000000","0","132"
"/Interchange/gltf/M_SpecularGlossiness.M_SpecularGlossiness","49","0","280","6","0.000000","0","0"
"/Interchange/gltf/M_Sheen.M_Sheen","49","0","280","6","0.000000","0","0"
"/Interchange/gltf/M_Transmission.M_Transmission","49","0","96","2","0.000000","0","0"
"/Interchange/gltf/M_ClearCoat.M_ClearCoat","49","0","280","6","0.000000","0","0"
"/Interchange/gltf/M_Default.M_Default","49","0","280","6","0.000000","0","0"
